gostje_id,ime,priimek,telefonska_stevilka,email,kreditna_kartica,naslov_id
1,Carlotta,Stewart,242-01-6772,cstewart0@jalbum.net,5108756007801860,19
2,Wayland,Denisyuk,240-68-1735,wdenisyuk1@merriam-webster.com,5002356022529484,20
3,Pattie,Daverin,325-85-2362,pdaverin2@time.com,,2
4,Tamas,Braybrooke,372-93-8819,tbraybrooke3@utexas.edu,,4
5,Thatcher,Skyner,443-72-0264,tskyner4@hc360.com,5048378628722962,2
6,Victoria,McAvey,822-46-0934,vmcavey5@kickstarter.com,5108750788469740,10
7,Darnell,Hardy-Piggin,885-12-9882,dhardypiggin6@istockphoto.com,5010123252422636,10
8,Deeanne,Tobin,354-11-6305,dtobin7@hugedomains.com,,30
9,Prue,Hadny,137-06-1834,phadny8@boston.com,,26
10,Leda,Vale,432-30-3888,lvale9@trellian.com,5002351117630289,7
11,Ravi,Hearon,779-42-9401,rhearona@msn.com,,14
12,Horace,Sheekey,272-04-5327,hsheekeyb@360.cn,,9
13,Sollie,Killby,438-35-8399,skillbyc@jugem.jp,5002351400990184,22
14,Theressa,Champkins,692-37-3147,tchampkinsd@blogtalkradio.com,5048378068996530,3
15,Morganica,Linklet,891-20-7384,mlinklete@reference.com,,29
16,Fayette,Teaz,186-93-4565,fteazf@nature.com,5048374960763987,9
17,Tiler,Carthy,720-73-4041,tcarthyg@printfriendly.com,,19
18,Malory,Pietruszka,807-52-2132,mpietruszkah@gnu.org,5010127274681681,23
19,Auguste,Newland,781-17-9083,anewlandi@washingtonpost.com,,14
20,Garfield,Younglove,433-23-6117,gyounglovej@bing.com,,28
21,Omar,Teaz,647-42-8551,oteazk@indiatimes.com,5002354464321668,22
22,Cindie,Woodman,763-62-8442,cwoodmanl@mit.edu,5007665628684260,29
23,Cesya,Pirt,889-81-0287,cpirtm@bluehost.com,5007669313859070,19
24,Pascale,Isson,672-40-9645,pissonn@google.co.jp,,2
25,Wilbur,Tye,220-30-8885,wtyeo@thetimes.co.uk,5007660143049347,4
26,Dieter,Neiland,843-73-8596,dneilandp@craigslist.org,,14
27,Zorina,Carnachen,620-75-7225,zcarnachenq@1und1.de,5010124955153619,15
28,Clarabelle,Standell,248-23-4921,cstandellr@bizjournals.com,5108754584447058,2
29,Rubie,Stearns,887-12-0072,rstearnss@boston.com,5002354590303572,29
30,Dewie,Dudin,320-85-2530,ddudint@mayoclinic.com,5108756490532220,19
31,Rockie,Fryett,755-80-7408,rfryettu@columbia.edu,5010129505758569,24
32,Yolanda,Fallens,147-54-8464,yfallensv@seattletimes.com,5048376829223582,24
33,Cherlyn,Mendus,227-29-8933,cmendusw@qq.com,5002351753678055,17
34,Clevie,Rathbone,735-63-1117,crathbonex@disqus.com,5002359482217467,15
35,Kiersten,Pattisson,520-22-6163,kpattissony@mit.edu,,7
36,Eva,Zoane,499-08-4358,ezoanez@facebook.com,5010127855421283,8
37,Lief,Dixson,403-26-7024,ldixson10@weather.com,,12
38,Nady,Shutler,577-35-5550,nshutler11@usgs.gov,5108751193834007,9
39,Norah,Verheijden,428-70-3817,nverheijden12@kickstarter.com,5048374993232232,10
40,Piggy,Gettone,795-24-5887,pgettone13@freewebs.com,,2
41,Igor,Piotrowski,894-87-9282,ipiotrowski14@cargocollective.com,,24
42,Pam,Grady,297-04-7906,pgrady15@dropbox.com,5048378927826522,1
43,Franz,Agdahl,569-60-0346,fagdahl16@latimes.com,5048370699665386,26
44,Christel,Switsur,243-30-4940,cswitsur17@acquirethisname.com,,24
45,Clementine,Clemmens,252-25-1664,cclemmens18@skyrock.com,5002352429927918,30
46,Margret,Follis,416-14-3344,mfollis19@ow.ly,5048373910185689,7
47,Gretna,Kidstone,692-44-7201,gkidstone1a@stumbleupon.com,,1
48,Jewelle,Meeland,649-37-6034,jmeeland1b@xrea.com,,18
49,Kristopher,Swansborough,879-34-3599,kswansborough1c@w3.org,,23
50,Allison,Stoodale,369-14-2141,astoodale1d@digg.com,5002352855104065,19
51,Anthony,Caccavari,892-91-3529,acaccavari1e@lycos.com,5048375253211105,25
52,Wood,Davidov,849-50-3289,wdavidov1f@indiegogo.com,,4
53,Sansone,Marl,639-69-3862,smarl1g@webmd.com,,13
54,Luigi,Roycraft,453-55-5590,lroycraft1h@myspace.com,,22
55,Norri,Crossland,230-91-6344,ncrossland1i@instagram.com,5108754382014670,3
56,Gaspar,Ney,839-36-2793,gney1j@nsw.gov.au,5007665996905149,30
57,Sandie,Hacker,429-47-4418,shacker1k@theatlantic.com,,17
58,Odo,Meriot,758-64-2707,omeriot1l@topsy.com,5002359330532422,25
59,Luciana,Haskur,397-34-7954,lhaskur1m@geocities.jp,,5
60,Huntley,Gillitt,159-59-9568,hgillitt1n@macromedia.com,5048374272460082,6
61,Maude,Fortescue,589-52-4251,mfortescue1o@blogspot.com,5007667492269285,17
62,Saraann,Neads,117-28-4395,sneads1p@blogspot.com,,22
63,Elna,Hudleston,413-09-7999,ehudleston1q@yahoo.co.jp,5048378973144200,6
64,Kele,Depka,205-82-7482,kdepka1r@xinhuanet.com,5007660639388357,30
65,Lindsey,Grandisson,511-96-4501,lgrandisson1s@squarespace.com,5002353223779596,27
66,Germayne,Surridge,103-26-0526,gsurridge1t@cafepress.com,5007666302661020,8
67,Daune,Mingasson,554-23-8753,dmingasson1u@apple.com,5108753042149439,20
68,Krissy,Justun,448-79-3798,kjustun1v@merriam-webster.com,,29
69,Mallorie,Currie,697-29-0688,mcurrie1w@wisc.edu,,28
70,Jolynn,Yakutin,747-45-3313,jyakutin1x@ebay.com,5002350286105693,3
71,Chrystal,Henzer,312-80-1696,chenzer1y@squarespace.com,,12
72,Owen,McGaffey,483-48-1470,omcgaffey1z@paypal.com,5010127582469654,19
73,Lilian,Bett,123-65-7442,lbett20@jimdo.com,,30
74,Mick,Goward,560-10-7248,mgoward21@reuters.com,,22
75,Tania,Koschke,867-29-3937,tkoschke22@sina.com.cn,5048379232068131,4
76,Valentino,Tremethack,213-96-6061,vtremethack23@hugedomains.com,5002351760192561,17
77,Carine,Chadwick,724-88-2809,cchadwick24@pagesperso-orange.fr,,24
78,Dion,Jimson,351-92-0832,djimson25@vimeo.com,5108755382199809,8
79,Bernardo,Humphery,341-70-9555,bhumphery26@abc.net.au,5108753058780762,15
80,Des,Mandal,289-33-5744,dmandal27@angelfire.com,5007668722468929,16
81,Freda,Stockau,778-06-8007,fstockau28@yelp.com,,22
82,Harbert,Francesc,697-15-5605,hfrancesc29@washingtonpost.com,5108754109758484,1
83,James,Gee,859-59-8321,jgee2a@4shared.com,5108757953021487,26
84,Wildon,Wadwell,221-67-6757,wwadwell2b@360.cn,5048377022567429,5
85,Jade,Janowicz,581-94-4466,jjanowicz2c@theatlantic.com,5048377598358880,30
86,Nevile,Chin,716-41-4031,nchin2d@ibm.com,5007669455839765,23
87,Mickie,Flexman,146-38-3578,mflexman2e@si.edu,5048377057773132,16
88,Garry,Godfree,777-42-8133,ggodfree2f@mozilla.org,5048370478222169,25
89,Annamaria,Covet,759-96-9697,acovet2g@360.cn,5010129520959507,6
90,Verene,Doll,311-75-2806,vdoll2h@barnesandnoble.com,5048372531471510,14
91,Natale,Middlemiss,145-80-9327,nmiddlemiss2i@github.com,,8
92,Celisse,Rumbellow,102-98-1700,crumbellow2j@mtv.com,5108753548768328,2
93,Kass,Kuban,888-46-3198,kkuban2k@wordpress.com,,6
94,Josefa,Anten,200-23-7420,janten2l@symantec.com,5002359938883557,2
95,Rina,Blare,333-62-0940,rblare2m@zdnet.com,5108759774620646,7
96,Maria,Romme,573-50-2057,mromme2n@kickstarter.com,5007662729306265,9
97,Carl,Jillard,294-63-3070,cjillard2o@dedecms.com,5048372500064247,5
98,Alyosha,Arnal,712-28-1650,aarnal2p@tinypic.com,,20
99,Krysta,Leipnik,407-12-2760,kleipnik2q@rediff.com,5108750099206666,6
100,Ashli,Worham,236-77-9459,aworham2r@gizmodo.com,,16
