id,ime,priimek,email,geslo,uporabniško_ime
1,Stesha,Soule,ssoule0@miitbeian.gov.cn,WGvv7R,ssoule0
2,Gonzales,Lissimore,glissimore1@gov.uk,G2Wb5xPQ6dEI,glissimore1
3,Rod,Mullarkey,rmullarkey2@un.org,rRcgDYDnxwMN,rmullarkey2
4,Augie,Glowacha,aglowacha3@altervista.org,HDtiwVc0Qk,aglowacha3
5,Sue,Randales,srandales4@imdb.com,aCpxKn,srandales4
6,Abagael,Swatheridge,aswatheridge5@wordpress.com,El0OMmC,aswatheridge5
7,Herta,Priscott,hpriscott6@walmart.com,B86zFY7u,hpriscott6
8,Farris,Ivan,fivan7@buzzfeed.com,MX7A3d75wuOy,fivan7
9,Keelia,Wehden,kwehden8@mozilla.com,7wg9lA1b6,kwehden8
10,Maximilianus,Spinnace,mspinnace9@linkedin.com,PFg6goVbTD,mspinnace9
11,Opal,Poulston,opoulstona@loc.gov,8YtbxbZy,opoulstona
12,Kristoforo,Balaizot,kbalaizotb@ucoz.com,B1JOhlQvxp,kbalaizotb
13,Ninnette,Wherrit,nwherritc@apache.org,MGF5UeEo2Dfv,nwherritc
14,Prescott,Stiling,pstilingd@typepad.com,UKBeeNXi,pstilingd
15,Cathleen,Willacot,cwillacote@vistaprint.com,GpBZ6y,cwillacote
16,Arlie,Rothwell,arothwellf@vkontakte.ru,oad26L,arothwellf
17,Gregorius,Guihen,gguiheng@godaddy.com,FFJcIhAJd,gguiheng
18,Bebe,Borgnet,bborgneth@go.com,ojMn7DWG,bborgneth
19,Whit,O'Fallowne,wofallownei@google.pl,jN8Cn7NOs,wofallownei
20,Magda,Burgot,mburgotj@mysql.com,r0LZRvz6Kc,mburgotj
21,Brit,Fullerlove,bfullerlovek@bing.com,qV4fnkHF7RkC,bfullerlovek
22,Rodger,Greensmith,rgreensmithl@biblegateway.com,2z5yiS0sF3,rgreensmithl
23,Tomas,Barsby,tbarsbym@about.me,eDAHvlwCw,tbarsbym
24,Elissa,Gawler,egawlern@phoca.cz,HNB7L6,egawlern
25,Bobbe,Skellorne,bskellorneo@java.com,Lm96XHAhhR,bskellorneo
26,Corilla,Spurrier,cspurrierp@altervista.org,zt8ISun,cspurrierp
27,Hugo,Covey,hcoveyq@amazon.com,DODSfTZQz,hcoveyq
28,Scotti,Hehl,shehlr@bandcamp.com,bve35f,shehlr
29,Jim,Stallybrass,jstallybrasss@miibeian.gov.cn,DfuRsBKFJV9t,jstallybrasss
30,Obidiah,Tabor,otabort@jugem.jp,Nc6VMG,otabort
31,Marilyn,Carhart,mcarhartu@tripod.com,Q2K63xO0pb9,mcarhartu
32,Graig,Gon,ggonv@chronoengine.com,zSdWiQGNa,ggonv
33,Thomasine,Mault,tmaultw@vimeo.com,i2mDsNUTbi6r,tmaultw
34,Dillie,Antonietti,dantoniettix@ustream.tv,hGSN8H,dantoniettix
35,Lurlene,Kegg,lkeggy@wikimedia.org,OhdCtDJLNRCJ,lkeggy
36,Gerry,Woolveridge,gwoolveridgez@usatoday.com,VPCdzW9WZ,gwoolveridgez
37,Calhoun,Perone,cperone10@github.io,PFGJ6v2CxEp,cperone10
38,Patrizio,Page,ppage11@delicious.com,Qw83w2AUcu,ppage11
39,Alis,Pickard,apickard12@ycombinator.com,VD4IKQ6QN,apickard12
40,Andi,Ikins,aikins13@upenn.edu,Aywn2Na,aikins13
41,Tyson,Chippendale,tchippendale14@de.vu,dr8NnYyQomL,tchippendale14
42,Jayne,Lovemore,jlovemore15@baidu.com,IReNqE5R9um,jlovemore15
43,Belinda,Coolahan,bcoolahan16@google.cn,gwbugqoS,bcoolahan16
44,Mamie,Whitlaw,mwhitlaw17@etsy.com,xv2ofvfZBy,mwhitlaw17
45,Valry,Cranham,vcranham18@businessinsider.com,xfQoFIS5PbB,vcranham18
46,Wyndham,Mengue,wmengue19@a8.net,GcZGEpsA,wmengue19
47,Chico,Jacquest,cjacquest1a@guardian.co.uk,v7CDpYX,cjacquest1a
48,Gordon,O'Sharry,gosharry1b@answers.com,JBSyxr0RARUy,gosharry1b
49,Chucho,Frarey,cfrarey1c@cdc.gov,drP8Bk5,cfrarey1c
50,Rozelle,Rubinlicht,rrubinlicht1d@dell.com,2nCj5GK,rrubinlicht1d
51,Dixie,Tremmel,dtremmel1e@parallels.com,IrSPJzre,dtremmel1e
52,Bertina,Faircloth,bfaircloth1f@mit.edu,eDZHe7E,bfaircloth1f
53,Britney,Schirach,bschirach1g@ow.ly,pieSFeDB1,bschirach1g
54,Neil,Gashion,ngashion1h@dailymail.co.uk,xYwLsz0B,ngashion1h
55,Joyan,Chestnutt,jchestnutt1i@disqus.com,m9aCjoVVug,jchestnutt1i
56,Otto,Dovydenas,odovydenas1j@google.de,duuGoJX5,odovydenas1j
57,Penelopa,Fowden,pfowden1k@si.edu,QC5hK2KCcsZ,pfowden1k
58,Meredith,Vakhrushin,mvakhrushin1l@angelfire.com,yKifqvotMPG,mvakhrushin1l
59,Marsiella,Banting,mbanting1m@soundcloud.com,X7Ltuh,mbanting1m
60,Wenona,Dunabie,wdunabie1n@wsj.com,8uRyAJ3jb,wdunabie1n
61,Flin,Tirkin,ftirkin1o@house.gov,GEEB6AT,ftirkin1o
62,Maisie,Benko,mbenko1p@npr.org,F6UwyL,mbenko1p
63,Kally,Brosetti,kbrosetti1q@independent.co.uk,J9KW12Bjx3a,kbrosetti1q
64,Jenny,Woolway,jwoolway1r@nasa.gov,Nz6KtiiEV,jwoolway1r
65,Shari,Picard,spicard1s@amazon.co.uk,1dO50ydq,spicard1s
66,Rafaello,McQuode,rmcquode1t@fotki.com,Piwxe7l,rmcquode1t
67,Ware,Kempshall,wkempshall1u@google.com.hk,DIQTpRy,wkempshall1u
68,Cherri,Hoofe,choofe1v@xing.com,TsRu2kkV,choofe1v
69,Nat,Winman,nwinman1w@slashdot.org,wROUGIbc5t,nwinman1w
70,Stillmann,Litherborough,slitherborough1x@jiathis.com,Pzd7w5Xf,slitherborough1x
71,Duke,Norkett,dnorkett1y@patch.com,4Wya9C,dnorkett1y
72,Kory,Hanster,khanster1z@studiopress.com,6moVkxp98w,khanster1z
73,Barty,Briance,bbriance20@hao123.com,vfLsb0,bbriance20
74,Gladys,Illwell,gillwell21@japanpost.jp,i7VVcAT,gillwell21
75,Don,Boldock,dboldock22@guardian.co.uk,W8zBY1a,dboldock22
76,Fredric,Mesant,fmesant23@auda.org.au,O3eWOhKXD,fmesant23
77,Verne,Howard,vhoward24@boston.com,wXPClD70Xr,vhoward24
78,Karole,Klaessen,kklaessen25@economist.com,fjgLxS,kklaessen25
79,Yoshiko,Cussons,ycussons26@t-online.de,GQ4ioR,ycussons26
80,Emmie,Southon,esouthon27@thetimes.co.uk,WjwaksIZ5U,esouthon27
81,Shaylynn,Oosthout de Vree,soosthoutdevree28@admin.ch,fvn2LEzoC8Fy,soosthoutdevree28
82,Tracy,Foxhall,tfoxhall29@nih.gov,DfjWk5hSH,tfoxhall29
83,Harriett,Joicey,hjoicey2a@tuttocitta.it,sTcr5Ny,hjoicey2a
84,Eddie,Pelling,epelling2b@tamu.edu,CePD2QVSmtZ,epelling2b
85,Lockwood,Libermore,llibermore2c@dell.com,kY3j0d,llibermore2c
86,Lida,Tithecott,ltithecott2d@ask.com,lxHVbZog,ltithecott2d
87,Coraline,Golborn,cgolborn2e@livejournal.com,c7nbSxGR,cgolborn2e
88,Emory,Moorhead,emoorhead2f@lulu.com,wLWfZxl,emoorhead2f
89,Sib,Spanswick,sspanswick2g@merriam-webster.com,GljZQfRAAI,sspanswick2g
90,Murial,Attoe,mattoe2h@free.fr,hExTyckKZNU,mattoe2h
91,Birgit,MacWhan,bmacwhan2i@comsenz.com,fMxK8xmta,bmacwhan2i
92,Reilly,Callam,rcallam2j@yale.edu,LB4KTmEtsS,rcallam2j
93,Ernst,Rasp,erasp2k@mit.edu,CRu8bc,erasp2k
94,Halimeda,Hegel,hhegel2l@tinypic.com,jUK3lI2A,hhegel2l
95,Valencia,Mainstone,vmainstone2m@arizona.edu,ne1PXYrE7,vmainstone2m
96,Mercedes,Burgyn,mburgyn2n@mediafire.com,nrtHVKXl67f,mburgyn2n
97,Maddie,Kenset,mkenset2o@webnode.com,sWK4VFUL4,mkenset2o
98,Durward,Scarborough,dscarborough2p@vimeo.com,CXQ8x6,dscarborough2p
99,Ashbey,Stenning,astenning2q@zimbio.com,aVkrFu,astenning2q
100,Katha,Cholerton,kcholerton2r@intel.com,AO4842lvn,kcholerton2r
101,Mac,Sterling,msterling2s@wisc.edu,h4sqFJSDGn,msterling2s
102,Inez,Edy,iedy2t@myspace.com,NRj6WRKG85,iedy2t
103,Bailey,Durning,bdurning2u@youtube.com,PhSMyAkU,bdurning2u
104,Katya,Kiraly,kkiraly2v@prnewswire.com,fxyqxVFPKw47,kkiraly2v
105,Maryanne,Frift,mfrift2w@1688.com,cnbu5NWzHjZj,mfrift2w
106,Huberto,Ballentime,hballentime2x@amazon.co.jp,JvxyvCCeLwC8,hballentime2x
107,Maddalena,Gorghetto,mgorghetto2y@virginia.edu,Hf9rtoxNX0y,mgorghetto2y
108,Grant,Silverthorn,gsilverthorn2z@kickstarter.com,swhBRajHYIr,gsilverthorn2z
109,Mikaela,Tassaker,mtassaker30@soup.io,UP65Jmr,mtassaker30
110,Hulda,Foulkes,hfoulkes31@discuz.net,veKiqC,hfoulkes31
111,Nathanael,Lednor,nlednor32@t.co,5jvBNcbDB618,nlednor32
112,Doreen,ducarme,dducarme33@zimbio.com,fIg1Bz4w,dducarme33
113,Min,Devonish,mdevonish34@flavors.me,n8D0yqqm,mdevonish34
114,Robina,Feldklein,rfeldklein35@wunderground.com,9ooQuBHzLX,rfeldklein35
115,Edita,Tothe,etothe36@nature.com,vSSFwEfbedu,etothe36
116,Dunn,Lintill,dlintill37@ifeng.com,jqGoahjzDT58,dlintill37
117,Myrwyn,Rapin,mrapin38@opera.com,yU2KxODBQ3,mrapin38
118,Cindi,Maffiotti,cmaffiotti39@nbcnews.com,AKdbzg49,cmaffiotti39
119,Leonelle,Grewe,lgrewe3a@cornell.edu,XHrFog,lgrewe3a
120,Lizabeth,Toll,ltoll3b@bloglovin.com,5YrGug,ltoll3b
121,Roshelle,Glacken,rglacken3c@dedecms.com,KJpOt8,rglacken3c
122,Todd,Moulden,tmoulden3d@home.pl,gk8iqTGo,tmoulden3d
123,Lira,Gladbach,lgladbach3e@economist.com,1jNpQQauN9,lgladbach3e
124,Eugenius,Grimster,egrimster3f@rediff.com,7tk1IV,egrimster3f
125,Kylie,Jaszczak,kjaszczak3g@tamu.edu,onOU3td,kjaszczak3g
126,Michaela,Nezey,mnezey3h@slideshare.net,F0kpFQwGkC,mnezey3h
127,Iain,O'Meara,iomeara3i@ucsd.edu,9xVwMEl4,iomeara3i
128,Benson,Carah,bcarah3j@quantcast.com,BKz8Y4P,bcarah3j
129,Lotte,Schrader,lschrader3k@opera.com,OKBmWAwhpyN,lschrader3k
130,Roma,Alf,ralf3l@wix.com,ID5mShFi,ralf3l
131,Brooks,De Cristoforo,bdecristoforo3m@blogtalkradio.com,ec7asbdiPe,bdecristoforo3m
132,Adele,Crowche,acrowche3n@oaic.gov.au,uZL1BFeCj,acrowche3n
133,Christopher,Donald,cdonald3o@bloglovin.com,ZMMfCRo,cdonald3o
134,Michele,Sautter,msautter3p@harvard.edu,RWjs7Jayt,msautter3p
135,Harmonia,Road,hroad3q@tmall.com,I7Vmmqk2Bsu,hroad3q
136,Diarmid,Ellul,dellul3r@samsung.com,n0untpBYxwRI,dellul3r
137,Jessamyn,Moxstead,jmoxstead3s@geocities.jp,50DxK99,jmoxstead3s
138,Clemmie,Iskow,ciskow3t@sohu.com,eIAJys,ciskow3t
139,Kory,Searson,ksearson3u@soundcloud.com,tccVQIJb,ksearson3u
140,Joya,Longshaw,jlongshaw3v@webnode.com,JY7R1CI,jlongshaw3v
141,Finn,Blaszkiewicz,fblaszkiewicz3w@telegraph.co.uk,R4jKceY8G7H,fblaszkiewicz3w
142,Carmel,Radsdale,cradsdale3x@spiegel.de,nTEEY4SE,cradsdale3x
143,Kimball,Brown,kbrown3y@mysql.com,c42naGHyTHZG,kbrown3y
144,Winn,Bugdale,wbugdale3z@kickstarter.com,VmTtjc0mUF,wbugdale3z
145,Gwennie,Gunton,ggunton40@sakura.ne.jp,3KZfWAeTmYQC,ggunton40
146,Connie,Clewley,cclewley41@scientificamerican.com,wYs3tPv,cclewley41
147,Torrie,Eatttok,teatttok42@theglobeandmail.com,VNGp5E,teatttok42
148,Kerrin,Smitherham,ksmitherham43@technorati.com,PZ0BT0UwFGF,ksmitherham43
149,Ealasaid,Wewell,ewewell44@goo.ne.jp,8a1mLhCDXSAy,ewewell44
150,Marris,Topliss,mtopliss45@kickstarter.com,bE8119KFk,mtopliss45
151,Xever,Bignell,xbignell46@hc360.com,LjexuYYSy,xbignell46
152,Kip,Stockau,kstockau47@blog.com,ct1HIFT0,kstockau47
153,Yevette,Travis,ytravis48@symantec.com,YTtZpsbh,ytravis48
154,Frankie,Campos,fcampos49@home.pl,Er91PoF,fcampos49
155,Mendy,Ridhole,mridhole4a@springer.com,cZvGO5h3YkAn,mridhole4a
156,Audrey,Adolphine,aadolphine4b@mapy.cz,gWs7lbEaZqm,aadolphine4b
157,Barde,Kield,bkield4c@dailymotion.com,kV3mqKA8BTj,bkield4c
158,Alvie,Fraczkiewicz,afraczkiewicz4d@mozilla.com,2OyfH5a,afraczkiewicz4d
159,Benedick,Thrush,bthrush4e@slashdot.org,TbjrCGDJ5w,bthrush4e
160,Emmett,Studders,estudders4f@msu.edu,aqBRqCDC,estudders4f
161,Alexei,De Domenicis,adedomenicis4g@devhub.com,OkaSg4ATfY,adedomenicis4g
162,Estell,McPaik,emcpaik4h@pagesperso-orange.fr,sWxkpWzvCIo,emcpaik4h
163,Ugo,Pennington,upennington4i@alexa.com,UnBWkSri5,upennington4i
164,Quinn,Gabala,qgabala4j@bbc.co.uk,YyVDWE5950s,qgabala4j
165,Gertrud,Maccrie,gmaccrie4k@rediff.com,W8y2zuLICoZt,gmaccrie4k
166,Isaac,Cantu,icantu4l@clickbank.net,cPkU8Sn,icantu4l
167,Ammamaria,Van den Oord,avandenoord4m@reference.com,VOo0bIb,avandenoord4m
168,Vin,Scarratt,vscarratt4n@themeforest.net,ghYniO,vscarratt4n
169,Maxie,Pattle,mpattle4o@jalbum.net,HKj4YzT,mpattle4o
170,Loraine,d' Eye,ldeye4p@senate.gov,novXaA,ldeye4p
171,Griselda,Bridgwater,gbridgwater4q@icio.us,shDcdlTF,gbridgwater4q
172,Ardelle,Elix,aelix4r@dell.com,FXwS2btR3,aelix4r
173,Jacquette,Forrestor,jforrestor4s@telegraph.co.uk,tpjSsc1M,jforrestor4s
174,Blaine,Veque,bveque4t@jigsy.com,XwAy6pQ,bveque4t
175,Madelena,Phippin,mphippin4u@xrea.com,Fi7S4H,mphippin4u
176,Dannie,MacAllister,dmacallister4v@icq.com,bUHXxTASO,dmacallister4v
177,Webster,Sheldrick,wsheldrick4w@ihg.com,KM3izF,wsheldrick4w
178,Kaela,Boyen,kboyen4x@microsoft.com,WxUywZoiZF,kboyen4x
179,Dena,Grinaugh,dgrinaugh4y@state.tx.us,Sg8NGbyi3Y,dgrinaugh4y
180,Lonnard,Longfut,llongfut4z@purevolume.com,bsXZsoux,llongfut4z
181,Jessa,Gwilliam,jgwilliam50@t-online.de,NrveIU,jgwilliam50
182,Regan,Dightham,rdightham51@vkontakte.ru,S1MqV8zQbvJ,rdightham51
183,Hesther,Ocklin,hocklin52@imdb.com,cibV9oTKlpdk,hocklin52
184,Stevy,O'Heyne,soheyne53@photobucket.com,mp4Mbf,soheyne53
185,Dyane,Ace,dace54@xinhuanet.com,U5o8KPc4b,dace54
186,Shannon,Stredwick,sstredwick55@xinhuanet.com,bgWhTyfIls7,sstredwick55
187,Lynda,Lillford,llillford56@exblog.jp,I5te43ncrVj,llillford56
188,Maxi,Mc Caghan,mmccaghan57@4shared.com,bxXa8ofRxUEe,mmccaghan57
189,Dav,De Coursey,ddecoursey58@sourceforge.net,VmSMFqK,ddecoursey58
190,Lemmy,Groneway,lgroneway59@chronoengine.com,obBLCV,lgroneway59
191,Pauli,Dellenbrook,pdellenbrook5a@bloglovin.com,DsbIJBzZ,pdellenbrook5a
192,Kristen,Spacie,kspacie5b@japanpost.jp,K9DXSQ,kspacie5b
193,Patty,Durbyn,pdurbyn5c@europa.eu,nNfDRmwx5h,pdurbyn5c
194,Doug,Berka,dberka5d@examiner.com,QgK2NF28,dberka5d
195,Anselma,Dady,adady5e@desdev.cn,f7GUZA0,adady5e
196,Brietta,Garrod,bgarrod5f@indiegogo.com,Ia1qETrsFIy,bgarrod5f
197,Nils,Dandie,ndandie5g@japanpost.jp,ydogbtz3VblM,ndandie5g
198,Patsy,Robberts,probberts5h@github.com,nWqlad,probberts5h
199,Lazarus,Wilde,lwilde5i@spiegel.de,XDq3Ql,lwilde5i
200,Helena,Whilde,hwhilde5j@theglobeandmail.com,9BZSHKRh,hwhilde5j
